{
  "FHNDLR": {
    "time": 1674759600.0,
    "JOB": "AlCo3_2.641857",
    "STRUC": "L12",
    "EMTO": "not available",
    "branch": "not available",
    "hash_key": "not available",
    "compile_on": "Tue Apr 14 14:56:23 KST 2020",
    "OS": "Linux 3.10.0-957.el7.x86_64 x86_64 GNU/Linux",
    "CPU": "Intel(R) Xeon(R) CPU E5-2630 v4 @ 2.20GHz",
    "compiler": "ifort (IFORT) 18.0.5 20180823",
    "library": "mkl"
  },
  "STRINP": {
    "WI": [
      0.353553,
      0.353553,
      0.353553,
      0.353553
    ],
    "WC": [
      0.5,
      0.5,
      0.5,
      0.5
    ],
    "WS": [
      0.390796,
      0.390796,
      0.390796,
      0.390796
    ],
    "WSA": [
      0.390796,
      0.390796,
      0.390796,
      0.390796
    ]
  },
  "CHDINP": {
    "JWS": [
      327.0,
      351.0,
      351.0,
      351.0
    ],
    "JRI": [
      329.0,
      353.0,
      353.0,
      353.0
    ],
    "JRC": [
      336.0,
      360.0,
      360.0,
      360.0
    ],
    "ION": [
      0.0,
      0.0,
      0.0,
      0.0
    ],
    "Z": [
      13.0,
      27.0,
      27.0,
      27.0
    ],
    "ELN": [
      13.0,
      27.0,
      27.0,
      27.0
    ],
    "XQTR": [
      -0.39,
      0.13,
      0.13,
      0.13
    ],
    "CONC": [
      1.0,
      1.0,
      1.0,
      1.0
    ],
    "EONE": [
      -265.228476,
      -1623.007959,
      -1623.007959,
      -1623.007958
    ],
    "VINT": [
      -751.912151,
      -4451.475417,
      -4451.475417,
      -4451.475417
    ],
    "EKIN": [
      486.683675,
      2828.467459,
      2828.467459,
      2828.467459
    ],
    "ECOR": [
      224.74482,
      1140.577571,
      1140.577571,
      1140.577571
    ],
    "ENUC": [
      -1162.867539,
      -6697.457046,
      -6697.457046,
      -6697.457047
    ],
    "EMADL": [
      -0.049143,
      -0.004735,
      -0.004735,
      -0.004735
    ],
    "EVAL": [
      3.013604,
      60.876068,
      60.876068,
      60.876069
    ],
    "EXCT": [
      -37.183466,
      -119.458913,
      -119.458913,
      -119.458913
    ],
    "EXCC": [
      0.0,
      0.0,
      0.0,
      0.0
    ],
    "ETOT": [
      -485.658048,
      -2786.999596,
      -2786.999596,
      -2786.999596
    ]
  },
  "INPUT": {
    "Lmax_shape": 30,
    "Lmax_charg": 8
  },
  "SHPINP": {
    "JRIN": [
      323.0,
      347.0,
      347.0,
      347.0
    ],
    "JWS": [
      327.0,
      351.0,
      351.0,
      351.0
    ],
    "JRIC": [
      336.0,
      360.0,
      360.0,
      360.0
    ]
  },
  "OVRLPS": {
    "OVRLPS_matrix": [
      [
        [
          0.0,
          0.0,
          0.0,
          0.0,
          0.0,
          0.0,
          0.0
        ],
        [
          4.0,
          0.0,
          -0.707107,
          -0.707107,
          4.780176,
          0.040227,
          10.53
        ],
        [
          4.0,
          0.707107,
          0.0,
          -0.707107,
          4.780176,
          0.040227,
          10.53
        ],
        [
          4.0,
          -0.707107,
          0.707107,
          0.0,
          4.780176,
          0.040227,
          10.53
        ]
      ],
      [
        [
          4.0,
          0.0,
          -0.707107,
          -0.707107,
          4.780176,
          0.040227,
          10.53
        ],
        [
          0.0,
          0.0,
          0.0,
          0.0,
          0.0,
          0.0,
          0.0
        ],
        [
          4.0,
          0.707107,
          0.707107,
          0.0,
          4.780176,
          0.040227,
          10.53
        ],
        [
          4.0,
          0.707107,
          0.0,
          0.707107,
          4.780176,
          0.040227,
          10.53
        ]
      ],
      [
        [
          4.0,
          -0.707107,
          0.0,
          -0.707107,
          4.780176,
          0.040227,
          10.53
        ],
        [
          4.0,
          -0.707107,
          -0.707107,
          0.0,
          4.780176,
          0.040227,
          10.53
        ],
        [
          0.0,
          0.0,
          0.0,
          0.0,
          0.0,
          0.0,
          0.0
        ],
        [
          4.0,
          0.0,
          -0.707107,
          -0.707107,
          4.780176,
          0.040227,
          10.53
        ]
      ],
      [
        [
          4.0,
          -0.707107,
          -0.707107,
          0.0,
          4.780176,
          0.040227,
          10.53
        ],
        [
          4.0,
          0.707107,
          0.0,
          -0.707107,
          4.780176,
          0.040227,
          10.53
        ],
        [
          4.0,
          0.0,
          0.707107,
          0.707107,
          4.780176,
          0.040227,
          10.53
        ],
        [
          0.0,
          0.0,
          0.0,
          0.0,
          0.0,
          0.0,
          0.0
        ]
      ]
    ],
    "MTD": [
      [
        -0.032605,
        -0.03805
      ],
      [
        0.010432,
        0.012201
      ],
      [
        0.010432,
        0.012201
      ],
      [
        0.010432,
        0.012201
      ]
    ]
  },
  "SETMADL": {
    "Lmax_struc": 6
  },
  "SETGAUSS": {
    "NTH": 41,
    "NFI": 81
  },
  "ASACHD": {
    "QMM(ASA)": [
      6.363965,
      6.246392,
      12.893331,
      14.23655,
      12.893331,
      14.23655,
      12.893331,
      14.23655
    ],
    "QSPIN(ASA)": [
      6.363965,
      6.246392,
      12.893331,
      14.23655,
      12.893331,
      14.23655,
      12.893331,
      14.23655
    ]
  },
  "SETXCP": {
    "IXC": 8,
    "TXCH": "PBE"
  },
  "RENORM": {
    "RS(Re)": [
      [
        [
          2.390088,
          2.759836,
          2.927248,
          3.380095
        ],
        [
          2.390088,
          2.759836,
          2.927248,
          3.380095
        ]
      ],
      [
        [
          2.390088,
          2.759836,
          2.927248,
          3.380095
        ],
        [
          2.390088,
          2.759836,
          2.927248,
          3.380095
        ]
      ],
      [
        [
          2.390088,
          2.759836,
          2.927248,
          3.380095
        ],
        [
          2.390088,
          2.759836,
          2.927248,
          3.380095
        ]
      ],
      [
        [
          2.390088,
          2.759836,
          2.927248,
          3.380095
        ],
        [
          2.390088,
          2.759836,
          2.927248,
          3.380095
        ]
      ]
    ],
    "QR(Re)": [
      [
        [
          0.065287,
          0.40163,
          0.435363,
          0.450226
        ],
        [
          0.060291,
          0.369662,
          0.40038,
          0.413881
        ]
      ],
      [
        [
          0.071815,
          0.428048,
          0.462819,
          0.478277
        ],
        [
          0.0696,
          0.406319,
          0.438321,
          0.45238
        ]
      ],
      [
        [
          0.071815,
          0.428048,
          0.462819,
          0.478277
        ],
        [
          0.0696,
          0.406319,
          0.438321,
          0.45238
        ]
      ],
      [
        [
          0.071815,
          0.428048,
          0.462819,
          0.478277
        ],
        [
          0.0696,
          0.406319,
          0.438321,
          0.45238
        ]
      ]
    ],
    "nSi(Re)": [
      [
        5.91837,
        5.833007
      ],
      [
        12.414734,
        13.781612
      ],
      [
        12.414734,
        13.781612
      ],
      [
        12.414734,
        13.781612
      ]
    ],
    "nSc(Re)": [
      [
        6.368596,
        6.246889
      ],
      [
        12.893012,
        14.233993
      ],
      [
        12.893012,
        14.233993
      ],
      [
        12.893012,
        14.233993
      ]
    ],
    "Cal_ELN": [
      94.0,
      93.996498,
      0.002376
    ]
  },