{
  "FHNDLR": {
    "time": 1674790920.0,
    "JOB": "Fe5Ni5_2.640571",
    "STRUC": "bcc",
    "EMTO": "not available",
    "branch": "not available",
    "hash_key": "not available",
    "compile_on": "Tue Apr 14 14:56:23 KST 2020",
    "OS": "Linux 3.10.0-957.el7.x86_64 x86_64 GNU/Linux",
    "CPU": "Intel(R) Xeon(R) CPU E5-2630 v4 @ 2.20GHz",
    "compiler": "ifort (IFORT) 18.0.5 20180823",
    "library": "mkl"
  },
  "STRINP": {
    "WI": [
      0.433013
    ],
    "WC": [
      0.559017
    ],
    "WS": [
      0.492373
    ],
    "WSA": [
      0.492373
    ]
  },
  "CHDINP": {
    "JWS": [
      351.0,
      353.0
    ],
    "JRI": [
      353.0,
      355.0
    ],
    "JRC": [
      356.0,
      358.0
    ],
    "ION": [
      0.0,
      0.0
    ],
    "Z": [
      26.0,
      28.0
    ],
    "ELN": [
      26.0,
      28.0
    ],
    "XQTR": [
      -0.096,
      0.096
    ],
    "CONC": [
      0.5,
      0.5
    ],
    "EONE": [
      -1490.117465,
      -1763.395852
    ],
    "VINT": [
      -4070.850949,
      -4853.896399
    ],
    "EKIN": [
      2580.733483,
      3090.500547
    ],
    "ECOR": [
      1043.873956,
      1237.270855
    ],
    "ENUC": [
      -6101.621687,
      -7321.985977
    ],
    "EMADL": [
      -0.002102,
      -0.002102
    ],
    "EVAL": [
      43.264584,
      79.735514
    ],
    "EXCT": [
      -111.865183,
      -127.22693
    ],
    "EXCC": [
      0.0,
      0.0
    ],
    "ETOT": [
      -2545.616948,
      -3041.708092
    ]
  },
  "INPUT": {
    "Lmax_shape": 30,
    "Lmax_charg": 8
  },
  "SHPINP": {
    "JRIN": [
      345.0,
      347.0
    ],
    "JWS": [
      351.0,
      353.0
    ],
    "JRIC": [
      356.0,
      358.0
    ]
  },
  "OVRLPS": {
    "OVRLPS_matrix": [
      [
        [
          8.0,
          0.57735,
          -0.57735,
          0.57735,
          4.644453,
          0.099903,
          13.71
        ]
      ]
    ],
    "MTD": [
      [
        -0.03556,
        -0.03103
      ],
      [
        0.036487,
        0.032547
      ]
    ]
  },
  "SETMADL": {
    "Lmax_struc": 6
  },
  "SETGAUSS": {
    "NTH": 41,
    "NFI": 81
  },
  "ASACHD": {
    "QMM(ASA)": [
      11.602247,
      14.301689,
      13.715802,
      14.380263
    ],
    "QSPIN(ASA)": [
      11.602247,
      14.301689,
      13.715802,
      14.380263
    ]
  },
  "SETXCP": {
    "IXC": 8,
    "TXCH": "PBE"
  },
  "RENORM": {
    "RS(Re)": [
      [
        [
          2.322227,
          2.681476,
          2.844135,
          2.997982
        ],
        [
          2.322227,
          2.681476,
          2.844135,
          2.997982
        ]
      ],
      [
        [
          2.322227,
          2.681476,
          2.844135,
          2.997982
        ],
        [
          2.322227,
          2.681476,
          2.844135,
          2.997982
        ]
      ]
    ],
    "QR(Re)": [
      [
        [
          0.158974,
          0.563475,
          0.646464,
          0.654687
        ],
        [
          0.169247,
          0.560822,
          0.635179,
          0.642363
        ]
      ],
      [
        [
          0.165977,
          0.570845,
          0.651793,
          0.659782
        ],
        [
          0.153072,
          0.516108,
          0.586774,
          0.593623
        ]
      ]
    ],
    "nSi(Re)": [
      [
        10.95164,
        13.652692
      ],
      [
        13.061199,
        13.78157
      ]
    ],
    "nSc(Re)": [
      [
        11.606326,
        14.295055
      ],
      [
        13.720981,
        14.375193
      ]
    ],
    "Cal_ELN": [
      27.0,
      26.998778,
      0.002607
    ]
  },
  "FCDEN": {
    "NEL_FCD": [
      [
        11.606937,
        14.295667
      ],
      [
        13.721592,
        14.375804
      ]
    ],
    "Local_Mag": [
      2.688729,
      0.654212
    ],
    "LDA": [
      [
        0.035724,
        -107.411769
      ],
      [
        0.03451,
        -122.352405
      ]
    ],
    "PBE": [
      [
        0.035035,
        -111.87361
      ],
      [
        0.034424,
        -127.236141
      ]
    ],
    "P07": [
      [
        0.035472,
        -109.544601
      ],
      [
        0.034566,
        -124.679823
      ]
    ],
    "AM5": [
      [
        0.035908,
        -107.683446
      ],
      [
        0.034755,
        -122.620347
      ]
    ],
    "LAG": [
      [
        0.0354,
        -108.419252
      ],
      [
        0.034409,
        -123.433535
      ]
    ],
    "Kinetic": [
      [
        2580.789412,
        -1e-06,
        2580.789412
      ],
      [
        3090.542701,
        1e-06,
        3090.542702
      ]
    ],
    "Tot_Mag": 1.671471
  },
  "FCDMAD": {
    "Lmax_intercell": 6,
    "Lmax_struc_corr": 20,
    "Lmax_corr": [
      30
    ],
    "Lmaxo": [
      55
    ],
    "Lmaxi": [
      30
    ],
    "ASA_corr": [
      -0.002104,
      -0.002104
    ],
    "EMM_corr": [
      0.017554,
      0.017554
    ],
    "ENR_corr": [
      0.01747,
      0.01747
    ],
    "ER_corr": [
      0.01307,
      0.01307
    ],
    "EMADL_corr": [
      0.01105,
      0.01105
    ]
  },
  "TOTALE": {
    "Comp_info": [
      [
        1.0,
        1.0,
        0.5
      ],
      [
        1.0,
        2.0,
        0.5
      ]
    ],
    "Ts": [
      0.0,
      0.0
    ],
    "Kinetic": [
      2580.789412,
      3090.542702
    ],
    "Hartree": [
      -5014.50494,
      -6005.002651
    ],
    "LDA": [
      -107.411769,
      -122.352405
    ],
    "PBE": [
      -111.87361,
      -127.236141
    ],
    "P07": [
      -109.544601,
      -124.679823
    ],
    "AM5": [
      -107.683446,
      -122.620347
    ],
    "LAG": [
      -108.419252,
      -123.433535
    ],
    "Tot_LDA": [
      -2541.127298,
      -3036.812354
    ],
    "Tot_PBE": [
      -2545.589138,
      -3041.69609
    ],
    "Tot_P07": [
      -2543.26013,
      -3039.139772
    ],
    "Tot_AM5": [
      -2541.398975,
      -3037.080296
    ],
    "Tot_LAG": [
      -2542.134781,
      -3037.893484
    ],
    "Tot_Energy": [
      -2788.969826,
      -2793.642614,
      -2791.199951,
      -2789.239635,
      -2790.014132
    ]
  }
}