{
  "FHNDLR": {
    "timestamp": [
      1638473640.0,
      "sec"
    ],
    "FOR001": [
      "../../kstr/lat_bcc/smx/lat_bcc.tfh",
      null
    ],
    "EMTO": [
      "not available",
      null
    ],
    "branch": [
      "not available",
      null
    ],
    "hash_key": [
      "not available",
      null
    ],
    "compile_one": [
      "Thu Apr  9 21:06:12 KST 2020",
      null
    ],
    "OS": [
      "Linux 3.10.0-957.el7.x86_64 x86_64 GNU/Linux",
      null
    ],
    "CPU": [
      "Intel(R) Xeon(R) CPU E5-2630 v4 @ 2.20GHz",
      null
    ],
    "compiler": [
      "ifort (IFORT) 18.0.5 20180823",
      null
    ],
    "library": [
      "mkl",
      null
    ]
  },
  "INPUT": {
    "NSR": [
      129,
      null
    ],
    "LMAX": [
      30,
      null
    ],
    "NFI": [
      11,
      null
    ],
    "IVEF": [
      3,
      null
    ]
  },
  "TRNSFM": {
    "slope_matrices": [
      "lat_bcc",
      null
    ],
    "KW2": [
      0.0,
      null
    ]
  },
  "SITES_INFO": [
    {
      "site_num": 1,
      "Si": 0.433013,
      "WSA": 0.492373,
      "SC": 0.559017,
      "NSC": 24,
      "NVN": 14,
      "BLATTS": [
        {
          "plane_num": 1,
          "plane_info": [
            0.5,
            0.5,
            -0.5,
            0.8660254
          ],
          "point_num": 6,
          "point_info": [
            [
              0.5,
              0.0,
              -0.25,
              0.55901699
            ],
            [
              0.25,
              0.0,
              -0.5,
              0.55901699
            ],
            [
              0.0,
              0.25,
              -0.5,
              0.55901699
            ],
            [
              0.0,
              0.5,
              -0.25,
              0.55901699
            ],
            [
              0.25,
              0.5,
              0.0,
              0.55901699
            ],
            [
              0.5,
              0.25,
              0.0,
              0.55901699
            ]
          ]
        },
        {
          "plane_num": 2,
          "plane_info": [
            0.5,
            -0.5,
            -0.5,
            0.8660254
          ],
          "point_num": 6,
          "point_info": [
            [
              0.5,
              0.0,
              -0.25,
              0.55901699
            ],
            [
              0.5,
              -0.25,
              0.0,
              0.55901699
            ],
            [
              0.25,
              -0.5,
              0.0,
              0.55901699
            ],
            [
              0.0,
              -0.5,
              -0.25,
              0.55901699
            ],
            [
              0.0,
              -0.25,
              -0.5,
              0.55901699
            ],
            [
              0.25,
              0.0,
              -0.5,
              0.55901699
            ]
          ]
        },
        {
          "plane_num": 3,
          "plane_info": [
            -0.5,
            0.5,
            -0.5,
            0.8660254
          ],
          "point_num": 6,
          "point_info": [
            [
              0.0,
              0.5,
              -0.25,
              0.55901699
            ],
            [
              0.0,
              0.25,
              -0.5,
              0.55901699
            ],
            [
              -0.25,
              0.0,
              -0.5,
              0.55901699
            ],
            [
              -0.5,
              0.0,
              -0.25,
              0.55901699
            ],
            [
              -0.5,
              0.25,
              0.0,
              0.55901699
            ],
            [
              -0.25,
              0.5,
              0.0,
              0.55901699
            ]
          ]
        },
        {
          "plane_num": 4,
          "plane_info": [
            0.5,
            0.5,
            0.5,
            0.8660254
          ],
          "point_num": 6,
          "point_info": [
            [
              0.5,
              0.25,
              0.0,
              0.55901699
            ],
            [
              0.25,
              0.5,
              0.0,
              0.55901699
            ],
            [
              0.0,
              0.5,
              0.25,
              0.55901699
            ],
            [
              0.0,
              0.25,
              0.5,
              0.55901699
            ],
            [
              0.25,
              0.0,
              0.5,
              0.55901699
            ],
            [
              0.5,
              0.0,
              0.25,
              0.55901699
            ]
          ]
        },
        {
          "plane_num": 5,
          "plane_info": [
            -0.5,
            -0.5,
            -0.5,
            0.8660254
          ],
          "point_num": 6,
          "point_info": [
            [
              0.0,
              -0.5,
              -0.25,
              0.55901699
            ],
            [
              -0.25,
              -0.5,
              0.0,
              0.55901699
            ],
            [
              -0.5,
              -0.25,
              0.0,
              0.55901699
            ],
            [
              -0.5,
              0.0,
              -0.25,
              0.55901699
            ],
            [
              -0.25,
              0.0,
              -0.5,
              0.55901699
            ],
            [
              0.0,
              -0.25,
              -0.5,
              0.55901699
            ]
          ]
        },
        {
          "plane_num": 6,
          "plane_info": [
            0.5,
            -0.5,
            0.5,
            0.8660254
          ],
          "point_num": 6,
          "point_info": [
            [
              0.5,
              -0.25,
              0.0,
              0.55901699
            ],
            [
              0.5,
              0.0,
              0.25,
              0.55901699
            ],
            [
              0.25,
              0.0,
              0.5,
              0.55901699
            ],
            [
              0.0,
              -0.25,
              0.5,
              0.55901699
            ],
            [
              0.0,
              -0.5,
              0.25,
              0.55901699
            ],
            [
              0.25,
              -0.5,
              0.0,
              0.55901699
            ]
          ]
        },
        {
          "plane_num": 7,
          "plane_info": [
            -0.5,
            -0.5,
            0.5,
            0.8660254
          ],
          "point_num": 6,
          "point_info": [
            [
              -0.5,
              -0.25,
              0.0,
              0.55901699
            ],
            [
              -0.25,
              -0.5,
              0.0,
              0.55901699
            ],
            [
              0.0,
              -0.5,
              0.25,
              0.55901699
            ],
            [
              0.0,
              -0.25,
              0.5,
              0.55901699
            ],
            [
              -0.25,
              0.0,
              0.5,
              0.55901699
            ],
            [
              -0.5,
              0.0,
              0.25,
              0.55901699
            ]
          ]
        },
        {
          "plane_num": 8,
          "plane_info": [
            -0.5,
            0.5,
            0.5,
            0.8660254
          ],
          "point_num": 6,